{
    "type": "Microsoft.Network/networkSecurityGroups/securityRules",
    "name": "[concat(parameters('networkSecurityGroupName'), '/AllowHttpAndHttps')]",
    "apiVersion": "2019-02-01",
    "properties": {
      "protocol": "*",
      "sourcePortRange": "*",
      "destinationPortRanges": ["80", "443"],
      "sourceAddressPrefix": "*",
      "destinationAddressPrefix": "*",
      "access": "Allow",
      "priority": 100,
      "direction": "Inbound",
      "sourcePortRanges": [],
      "destinationPortRanges": [],
      "destinationAddressPrefixes": [],
      "sourceAddressPrefixes": []
    }
  }
  