{
    "$schema": "https://schema.management.azure.com/schemas/2019-04-01/deploymentTemplate.json#",
    "contentVersion": "1.0.0.0",
    "parameters": {
      "vmName": { "type": "string" },
      "adminUsername": { "type": "string" },
      "adminPassword": { "type": "securestring" },
      "ubuntuOSVersion": { "type": "string" },
      "networkInterfaceName": { "type": "string" },
      "networkSecurityGroupName": { "type": "string" },
      "virtualNetworkName": { "type": "string" },
      "vnetAddressPrefix": { "type": "string" },
      "subnetName": { "type": "string" },
      "subnetPrefix": { "type": "string" },
      "publicIpAddressName": { "type": "string" },
      "bastionHostName": { "type": "string" },
      "bastionSubnetPrefix": { "type": "string" },
      "firewallName": { "type": "string" },
      "firewallPublicIpName": { "type": "string" },
      "firewallSubnetPrefix": { "type": "string" },
      "routeTableName": { "type": "string" },
      "routeName": { "type": "string" },
      "windowsOSVersion": { "type": "string" }
    },
    "variables": {
      "storageAccountName": "yourstorageaccountname",
      "nicName": "yournetworkinterfacename"
    },
    "resources": [
      {
        "type": "Microsoft.Storage/storageAccounts",
        "apiVersion": "2018-07-01",
        "name": "[variables('storageAccountName')]",
        "location": "[resourceGroup().location]",
        "sku": {
          "name": "Standard_LRS"
        },
        "kind": "Storage",
        "properties": {}
      },
      {
        "type": "Microsoft.Compute/virtualMachines",
        "apiVersion": "2018-10-01",
        "name": "[parameters('vmName')]",
        "location": "[resourceGroup().location]",
        "dependsOn": [
          "[resourceId('Microsoft.Storage/storageAccounts', variables('storageAccountName'))]",
          "[resourceId('Microsoft.Network/networkInterfaces', variables('nicName'))]"
        ],
        "properties": {
          "hardwareProfile": {
            "vmSize": "Standard_DS1_v2"
          },
          "osProfile": {
            "computerName": "[parameters('vmName')]",
            "adminUsername": "[parameters('adminUsername')]",
            "adminPassword": "[parameters('adminPassword')]"
          },
          "storageProfile": {
            "imageReference": {
              "publisher": "Canonical",
              "offer": "UbuntuServer",
              "sku": "[parameters('ubuntuOSVersion')]",
              "version": "latest"
            },
            "osDisk": {
              "name": "osdisk",
              "vhd": {
                "uri": "[concat(reference(resourceId('Microsoft.Storage/storageAccounts', variables('storageAccountName'))).primaryEndpoints.blob, 'vhds/osdisk.vhd')]"
              },
              "caching": "ReadWrite",
              "createOption": "FromImage"
            },
            "dataDisks": []
          },
          "networkProfile": {
            "networkInterfaces": [
              {
                "id": "[resourceId('Microsoft.Network/networkInterfaces', variables('nicName'))]"
              }
            ]
          },
          "diagnosticsProfile": {
            "bootDiagnostics": {
              "enabled": true,
              "storageUri": "[concat(reference(resourceId('Microsoft.Storage/storageAccounts', variables('storageAccountName'))).primaryEndpoints.blob, 'bootdiagnostics')]"
            }
          }
        }
      }
    ]
  }
  