{
  "$schema": "https://schema.management.azure.com/schemas/2019-04-01/deploymentTemplate.json#",
  "contentVersion": "1.0.0.0",
  "parameters": {
    "vmName": { "type": "string" },
    "adminUsername": { "type": "string" },
    "adminPassword": { "type": "securestring" },
    "ubuntuOSVersion": { "type": "string" },
    "networkInterfaceName": { "type": "string" },
    "networkSecurityGroupName": { "type": "string" },
    "virtualNetworkName": { "type": "string" },
    "vnetAddressPrefix": { "type": "string" },
    "subnetName": { "type": "string" },
    "subnetPrefix": { "type": "string" },
    "publicIpAddressName": { "type": "string" },
    "bastionHostName": { "type": "string" },
    "bastionSubnetPrefix": { "type": "string" },
    "firewallName": { "type": "string" },
    "firewallPublicIpName": { "type": "string" },
    "firewallSubnetPrefix": { "type": "string" },
    "routeTableName": { "type": "string" },
    "routeName": { "type": "string" }
  },
  "variables": {
    "subnetRef": "[concat(resourceId('Microsoft.Network/virtualNetworks', parameters('virtualNetworkName')), '/subnets/', parameters('subnetName'))]"
  },
  "resources": [
    {
      "type": "Microsoft.Network/publicIPAddresses",
      "apiVersion": "2020-11-01",
      "name": "[parameters('publicIpAddressName')]",
      "location": "[resourceGroup().location]",
      "properties": {
        "publicIPAllocationMethod": "Dynamic"
      }
    },
    {
      "type": "Microsoft.Network/virtualNetworks",
      "apiVersion": "2020-11-01",
      "name": "[parameters('virtualNetworkName')]",
      "location": "[resourceGroup().location]",
      "properties": {
        "addressSpace": {
          "addressPrefixes": [
            "[parameters('vnetAddressPrefix')]"
          ]
        }
      }
    },
    {
      "type": "Microsoft.Network/networkInterfaces",
      "apiVersion": "2020-11-01",
      "name": "[parameters('networkInterfaceName')]",
      "location": "[resourceGroup().location]",
      "dependsOn": [
        "[resourceId('Microsoft.Network/virtualNetworks', parameters('virtualNetworkName'))]"
      ],
      "properties": {
        "ipConfigurations": [
          {
            "name": "ipconfig1",
            "properties": {
              "subnet": {
                "id": "[variables('subnetRef')]"
              },
              "privateIPAllocationMethod": "Dynamic",
              "publicIPAddress": {
                "id": "[resourceId('Microsoft.Network/publicIPAddresses', parameters('publicIpAddressName'))]"
              }
            }
          }
        ]
      }
    },
    {
      "type": "Microsoft.Network/networkSecurityGroups",
      "apiVersion": "2020-11-01",
      "name": "[parameters('networkSecurityGroupName')]",
      "location": "[resourceGroup().location]",
      "properties": {
        "securityRules": []
      }
    },
    {
      "type": "Microsoft.Network/virtualNetworks/subnets",
      "apiVersion": "2020-11-01",
      "name": "[concat(parameters('virtualNetworkName'), '/', parameters('subnetName'))]",
      "location": "[resourceGroup().location]",
      "dependsOn": [
        "[resourceId('Microsoft.Network/virtualNetworks', parameters('virtualNetworkName'))]",
        "[resourceId('Microsoft.Network/networkSecurityGroups', parameters('networkSecurityGroupName'))]"
      ],
      "properties": {
        "addressPrefix": "[parameters('subnetPrefix')]",
        "networkSecurityGroup": {
          "id": "[resourceId('Microsoft.Network/networkSecurityGroups', parameters('networkSecurityGroupName'))]"
        }
      }
    },
    {
      "type": "Microsoft.Network/azureFirewalls",
      "apiVersion": "2020-11-01",
      "name": "[parameters('firewallName')]",
      "location": "[resourceGroup().location]",
      "dependsOn": [
        "[resourceId('Microsoft.Network/virtualNetworks', parameters('virtualNetworkName'))]",
        "[resourceId('Microsoft.Network/networkInterfaces', parameters('networkInterfaceName'))]",
        "[resourceId('Microsoft.Network/publicIPAddresses', parameters('firewallPublicIpName'))]",
        "[resourceId('Microsoft.Network/virtualNetworks/subnets', parameters('virtualNetworkName'), parameters('subnetName'))]"
      ],
      "properties": {
        "ipConfigurations": [
          {
            "name": "firewallIpConfig",
            "properties": {
              "subnet": {
                "id": "[resourceId('Microsoft.Network/virtualNetworks/subnets', parameters('virtualNetworkName'), parameters('subnetName'))]"
              }
            }
          }
        ]
      }
    },
    {
      "type": "Microsoft.Network/routeTables",
      "apiVersion": "2020-11-01",
      "name": "[parameters('routeTableName')]",
      "location": "[resourceGroup().location]",
      "dependsOn": [
        "[resourceId('Microsoft.Network/virtualNetworks', parameters('virtualNetworkName'))]"
      ],
      "properties": {
        "routes": [
          {
            "name": "[parameters('routeName')]",
            "properties": {
              "addressPrefix": "0.0.0.0/0",
              "nextHopType": "VirtualAppliance",
              "nextHopIpAddress": "[reference(resourceId('Microsoft.Network/azureFirewalls', parameters('firewallName')), '2020-11-01').ipConfigurations[0].privateIPAddress]"
            }
          }
        ]
      }
    },
    {
      "type": "Microsoft.Network/networkSecurityGroups/securityRules",
      "apiVersion": "2020-11-01",
      "name": "[concat(parameters('networkSecurityGroupName'), '/DenyAllIncoming')]",
      "location": "[resourceGroup().location]",
      "dependsOn": [
        "[resourceId('Microsoft.Network/networkSecurityGroups', parameters('networkSecurityGroupName'))]"
      ],
      "properties": {
        "priority": 100,
        "direction": "Inbound",
        "access": "Deny",
        "sourceAddressPrefix": "*",
        "destinationAddressPrefix": "*",
        "destinationPortRange": "*",
        "sourcePortRange": "*",
        "protocol": "*"
      }
    }
  ]
}
